cpu_temp, gpu_temp, mem_usage, cpu_usage, gpu_usage
56.723404, 52.080000, 98.064137, 9.800000, 11.206896
