cpu_temp, gpu_temp, mem_usage, cpu_usage, gpu_usage
56.790697, 52.200000, 98.035577, 9.800000, 11.310344
